,precision,recall,f1-score,support
0,0.9008937394078907,0.8546127702805314,0.8771431949864017,190959.0
1,0.500620559402824,0.6078846783881183,0.5490629315446834,45785.0
accuracy,0.806896901294225,0.806896901294225,0.806896901294225,0.806896901294225
macro avg,0.7007571494053574,0.7312487243343249,0.7131030632655426,236744.0
weighted avg,0.8234830867766435,0.806896901294225,0.8136942591667862,236744.0
