,precision,recall,f1-score,support
0,0.8429405724852139,0.9501097094140627,0.8933224354745,190959.0
1,0.5570279443901985,0.2616577481707983,0.3560601557391666,45785.0
accuracy,0.8169668502686446,0.8169668502686446,0.8169668502686446,0.8169668502686446
macro avg,0.6999842584377063,0.6058837287924305,0.6246912956068333,236744.0
weighted avg,0.7876466276446676,0.8169668502686446,0.7894188371671206,236744.0
